{"cameraMode":{"drawMode":0,"name":"Shaded","section":"Shading Mode"},"sceneLighting":true,"audioPlay":false,"sceneViewState":{"showFog":true,"showMaterialUpdate":false,"showSkybox":true,"showFlares":true,"showImageEffects":true,"showParticleSystems":true,"showVisualEffectGraphs":true,"m_FxEnabled":false},"in2DMode":false,"pivot":{"x":1.0136101245880128,"y":0.31174755096435549,"z":-10.19643783569336},"rotation":{"x":-0.029992226511240007,"y":0.01499249693006277,"z":0.00045011856127530336,"w":0.9994338750839233},"size":7.317067623138428,"orthographic":false}