{"cameraMode":{"drawMode":0,"name":"Shaded","section":"Shading Mode"},"sceneLighting":false,"audioPlay":false,"sceneViewState":{"showFog":true,"showMaterialUpdate":false,"showSkybox":false,"showFlares":true,"showImageEffects":true,"showParticleSystems":true,"showVisualEffectGraphs":true,"m_FxEnabled":true},"in2DMode":false,"pivot":{"x":1.2870426177978516,"y":3.8153038024902345,"z":-1.6577939987182618},"rotation":{"x":-0.03904223069548607,"y":0.9599072933197022,"z":-0.17200711369514466,"w":-0.21788044273853303},"size":0.8660253882408142,"orthographic":false}